"key","Description","Gender","# Cases","UK Biobank fields"
"clinical_c_Block_J40-J47","J40-J47 Chronic lower respiratory diseases","Males and Females","36529","41202, 41204"
"clinical_c_G25","G25 Other extrapyramidal and movement disorders","Males and Females","666","41202, 41204"
"clinical_c_G20","G20 Parkinson's disease","Males and Females","1239","41202, 41204"
"clinical_c_L72","L72 Follicular cysts of skin and subcutaneous tissue","Males and Females","9047","41202, 41204"
"selfReported_n_1153","oesophageal disorder","Males and Females","30005","20002"
"selfReported_n_1758","bacterial infection","Males and Females","4559","20002"
"selfReported_n_1269","psychological/psychiatric problem","Males and Females","34288","20002"
"clinical_c_J34","J34 Other disorders of nose and nasal sinuses","Males and Females","7193","41202, 41204"
"clinical_c_Block_H15-H22","H15-H22 Disorders of sclera, cornea, iris and ciliary body","Males and Females","1784","41202, 41204"
"clinical_c_O26","O26 Maternal care for other conditions predominantly related to pregnancy","Females","1965","41202, 41204"
"clinical_c_O20","O20 Haemorrhage in early pregnancy","Females","1003","41202, 41204"
"selfReported_n_1095","heart valve problem/heart murmur","Males and Females","3555","20002"
"clinical_c_Block_O94-O99","O94-O99 Other obstetric conditions, not elsewhere classified","Females","1934","41202, 41204"
"selfReported_n_1713","other fractures","Males and Females","735","20002"
"selfReported_n_1303","glaucoma","Males and Females","4633","20002"
"clinical_c_Block_O20-O29","O20-O29 Other maternal disorders predominantly related to pregnancy","Females","3340","41202, 41204"
"clinical_c_Block_A30-A49","A30-A49 Other bacterial diseases","Males and Females","5281","41202, 41204"
"clinical_c_K44","K44 Diaphragmatic hernia","Males and Females","29541","41202, 41204"
"clinical_c_K40","K40 Inguinal hernia","Males and Females","17116","41202, 41204"
"clinical_c_K41","K41 Femoral hernia","Males and Females","689","41202, 41204"
"clinical_c_K42","K42 Umbilical hernia","Males and Females","4092","41202, 41204"
"clinical_c_K43","K43 Ventral hernia","Males and Females","3710","41202, 41204"
"clinical_c_G51","G51 Facial nerve disorders","Males and Females","938","41202, 41204"
"clinical_c_G57","G57 Mononeuropathies of lower limb","Males and Females","1812","41202, 41204"
"clinical_c_G56","G56 Mononeuropathies of upper limb","Males and Females","11707","41202, 41204"
"clinical_c_G55","G55 Nerve root and plexus compressions in diseases classified elsewhere","Males and Females","4326","41202, 41204"
"selfReported_n_1163","gastric/stomach ulcers","Males and Females","3243","20002"
"clinical_c_E66","E66 Obesity","Males and Females","11846","41202, 41204"
"clinical_c_Block_M05-M14","M05-M14 Inflammatory polyarthropathies","Males and Females","20857","41202, 41204"
"selfReported_n_1757","mumps / epidemic parotitis","Males and Females","966","20002"
"selfReported_n_1454","other renal/kidney problem","Males and Females","2443","20002"
"clinical_c_Block_G40-G47","G40-G47 Episodic and paroxysmal disorders","Males and Females","15533","41202, 41204"
"clinical_c_Block_G00-G09","G00-G09 Inflammatory diseases of the central nervous system","Males and Females","670","41202, 41204"
"clinical_c_J22","J22 Unspecified acute lower respiratory infection","Males and Females","8210","41202, 41204"
"selfReported_n_1251","hypothyroidism/myxoedema","Males and Females","22141","20002"
"clinical_c_Block_O10-O16","O10-O16 Oedema, proteinuria and hypertensive disorders in pregnancy, childbirth and the puerperium","Females","1432","41202, 41204"
"clinical_c_D73","D73 Diseases of spleen","Males and Females","575","41202, 41204"
"clinical_c_D70","D70 Agranulocytosis","Males and Females","3509","41202, 41204"
"clinical_c_Block_B25-B34","B25-B34 Other viral diseases","Males and Females","2102","41202, 41204"
"selfReported_n_1290","epilepsy","Males and Females","3724","20002"
"clinical_c_D75","D75 Other diseases of blood and blood-forming organs","Males and Females","677","41202, 41204"
"clinical_c_N92","N92 Excessive, frequent and irregular menstruation","Females","14321","41202, 41204"
"clinical_c_N93","N93 Other abnormal uterine and vaginal bleeding","Females","4503","41202, 41204"
"clinical_c_N90","N90 Other noninflammatory disorders of vulva and perineum","Females","2062","41202, 41204"
"clinical_c_N97","N97 Female infertility","Females","1097","41202, 41204"
"clinical_c_N94","N94 Pain and other conditions associated with female genital organs and menstrual cycle","Females","3700","41202, 41204"
"clinical_c_N95","N95 Menopausal and other perimenopausal disorders","Females","11285","41202, 41204"
"clinical_c_F05","F05 Delirium, not induced by alcohol and other psychoactive substances","Males and Females","622","41202, 41204"
"clinical_c_D51","D51 Vitamin B12 deficiency anaemia","Males and Females","961","41202, 41204"
"selfReported_n_1537","hiatus hernia","Males and Females","10441","20002"
"clinical_c_Block_L20-L30","L20-L30 Dermatitis and eczema","Males and Females","3418","41202, 41204"
"selfReported_n_1511","eczema/dermatitis","Males and Females","11552","20002"
"selfReported_n_1489","other neurological problem","Males and Females","6392","20002"
"clinical_c_Block_M70-M79","M70-M79 Other soft tissue disorders","Males and Females","30162","41202, 41204"
"selfReported_n_1164","gastritis/gastric erosions","Males and Females","703","20002"
"clinical_c_I51","I51 Complications and ill-defined descriptions of heart disease","Males and Females","4545","41202, 41204"
"clinical_c_I50","I50 Heart failure","Males and Females","5901","41202, 41204"
"clinical_c_N03","N03 Chronic nephritic syndrome","Males and Females","943","41202, 41204"
"clinical_c_N02","N02 Recurrent and persistent haematuria","Males and Females","767","41202, 41204"
"clinical_c_H18","H18 Other disorders of cornea","Males and Females","695","41202, 41204"
"cancer_c_C43","C43 Malignant melanoma of skin","Males and Females","2465","40006"
"clinical_c_M24","M24 Other specific joint derangements","Males and Females","2830","41202, 41204"
"clinical_c_H11","H11 Other disorders of conjunctiva","Males and Females","823","41202, 41204"
"clinical_c_M20","M20 Acquired deformities of fingers and toes","Males and Females","10650","41202, 41204"
"clinical_c_M21","M21 Other acquired deformities of limbs","Males and Females","1843","41202, 41204"
"clinical_c_M22","M22 Disorders of patella","Males and Females","1017","41202, 41204"
"clinical_c_M23","M23 Internal derangement of knee","Males and Females","16581","41202, 41204"
"clinical_c_Block_D65-D69","D65-D69 Coagulation defects, purpura and other haemorrhagic conditions","Males and Females","2847","41202, 41204"
"selfReported_n_1218","kidney stone/ureter stone/bladder stone","Males and Females","3522","20002"
"selfReported_n_1604","carpal tunnel syndrome","Males and Females","731","20002"
"selfReported_n_1407","breast disease (not cancer)","Females","3527","20002"
"clinical_c_D86","D86 Sarcoidosis","Males and Females","584","41202, 41204"
"clinical_c_Block_O60-O75","O60-O75 Complications of labour and delivery","Females","10120","41202, 41204"
"selfReported_n_1390","gynaecological disorder (not cancer)","Females","20855","20002"
"clinical_c_Block_E50-E64","E50-E64 Other nutritional deficiencies","Males and Females","1518","41202, 41204"
"clinical_c_Block_J95-J99","J95-J99 Other diseases of the respiratory system","Males and Females","5837","41202, 41204"
"selfReported_n_1312","depression","Males and Females","26114","20002"
"clinical_c_Block_K90-K93","K90-K93 Other diseases of the digestive system","Males and Females","13816","41202, 41204"
"clinical_c_E05","E05 Thyrotoxicosis [hyperthyroidism]","Males and Females","2010","41202, 41204"
"selfReported_n_1144","pleurisy","Males and Females","1538","20002"
"clinical_c_K35","K35 Acute appendicitis","Males and Females","3169","41202, 41204"
"selfReported_n_1090","gestational hypertension/pre-eclampsia","Females","1829","20002"
"clinical_c_B98","B98 Other specified infectious agents as the cause of diseases classified to other chapters","Males and Females","918","41202, 41204"
"clinical_c_B96","B96 Other bacterial agents as the cause of diseases classified to other chapters","Males and Females","9576","41202, 41204"
"clinical_c_B97","B97 Viral agents as the cause of diseases classified to other chapters","Males and Females","588","41202, 41204"
"clinical_c_B95","B95 Streptococcus and staphylococcus as the cause of diseases classified to other chapters","Males and Females","4435","41202, 41204"
"clinical_c_Block_L00-L08","L00-L08 Infections of the skin and subcutaneous tissue","Males and Females","11569","41202, 41204"
"cancer_c_Block_D37-D48","D37-D48 Neoplasms of uncertain or unknown behaviour","Males and Females","1953","40006"
"selfReported_n_1083","cerebrovascular disease","Males and Females","8385","20002"
"clinical_c_Block_K20-K31","K20-K31 Diseases of oesophagus, stomach and duodenum","Males and Females","66970","41202, 41204"
"clinical_c_F10","F10 Mental and behavioural disorders due to use of alcohol","Males and Females","5797","41202, 41204"
"clinical_c_I69","I69 Sequelae of cerebrovascular disease","Males and Females","1359","41202, 41204"
"clinical_c_Block_N30-N39","N30-N39 Other diseases of urinary system","Males and Females","32127","41202, 41204"
"clinical_c_Block_H25-H28","H25-H28 Disorders of lens","Males and Females","22149","41202, 41204"
"selfReported_n_1595","disc problem","Males and Females","8672","20002"
"selfReported_n_1317","mania/bipolar disorder/manic depression","Males and Females","1260","20002"
"clinical_c_I74","I74 Arterial embolism and thrombosis","Males and Females","1002","41202, 41204"
"clinical_c_I72","I72 Other aneurysm","Males and Females","518","41202, 41204"
"clinical_c_L43","L43 Lichen planus","Males and Females","607","41202, 41204"
"selfReported_n_1091","angina","Males and Females","14399","20002"
"clinical_c_E27","E27 Other disorders of adrenal gland","Males and Females","507","41202, 41204"
"clinical_c_Block_A00-A09","A00-A09 Intestinal infectious diseases","Males and Females","9664","41202, 41204"
"clinical_c_E21","E21 Hyperparathyroidism and other disorders of parathyroid gland","Males and Females","877","41202, 41204"
"selfReported_n_1750","measles / morbillivirus","Males and Females","1503","20002"
"clinical_c_O80","O80 Single spontaneous delivery","Females","2216","41202, 41204"
"clinical_c_O82","O82 Single delivery by Caesarean section","Females","603","41202, 41204"
"clinical_c_Block_H49-H52","H49-H52 Disorders of ocular muscles, binocular movement, accommodation and refraction","Males and Females","3241","41202, 41204"
"clinical_c_Block_G20-G26","G20-G26 Extrapyramidal and movement disorders","Males and Females","2136","41202, 41204"
"selfReported_n_1217","urinary tract infection/kidney infection","Males and Females","2554","20002"
"clinical_c_O16","O16 Unspecified maternal hypertension","Females","651","41202, 41204"
"selfReported_n_1136","other respiratory problems","Males and Females","5053","20002"
"clinical_c_Block_M91-M94","M91-M94 Chondropathies","Males and Females","1314","41202, 41204"
"selfReported_n_1565","appendicitis","Males and Females","3814","20002"
"clinical_c_Block_D50-D53","D50-D53 Nutritional anaemias","Males and Females","9393","41202, 41204"
"clinical_c_Block_K00-K14","K00-K14 Diseases of oral cavity, salivary glands and jaws","Males and Females","16993","41202, 41204"
"clinical_c_L30","L30 Other dermatitis","Males and Females","1654","41202, 41204"
"clinical_c_Block_M60-M63","M60-M63 Disorders of muscles","Males and Females","1233","41202, 41204"
"selfReported_n_1417","allergy/hypersensitivity/anaphylaxis","Males and Females","33472","20002"
"clinical_c_F41","F41 Other anxiety disorders","Males and Females","6486","41202, 41204"
"clinical_c_F40","F40 Phobic anxiety disorders","Males and Females","609","41202, 41204"
"clinical_c_F43","F43 Reaction to severe stress, and adjustment disorders","Males and Females","561","41202, 41204"
"clinical_c_K31","K31 Other diseases of stomach and duodenum","Males and Females","7910","41202, 41204"
"clinical_c_K30","K30 Dyspepsia","Males and Females","13104","41202, 41204"
"clinical_c_M48","M48 Other spondylopathies","Males and Females","4430","41202, 41204"
"selfReported_n_1158","other abdominal problem","Males and Females","5875","20002"
"clinical_c_N48","N48 Other disorders of penis","Males","2260","41202, 41204"
"selfReported_n_1428","allergy or anaphylactic reaction to food","Males and Females","2035","20002"
"clinical_c_N41","N41 Inflammatory diseases of prostate","Males","1688","41202, 41204"
"clinical_c_N40","N40 Hyperplasia of prostate","Males","12172","41202, 41204"
"clinical_c_N43","N43 Hydrocele and spermatocele","Males","1477","41202, 41204"
"clinical_c_N42","N42 Other disorders of prostate","Males","1463","41202, 41204"
"clinical_c_N45","N45 Orchitis and epididymitis","Males","897","41202, 41204"
"clinical_c_N47","N47 Redundant prepuce, phimosis and paraphimosis","Males","2291","41202, 41204"
"selfReported_n_1094","heart arrhythmia","Males and Females","6912","20002"
"clinical_c_K80","K80 Cholelithiasis","Males and Females","15653","41202, 41204"
"clinical_c_Block_B95-B98","B95-B98 Bacterial, viral and other infectious agents","Males and Females","14243","41202, 41204"
"clinical_c_K82","K82 Other diseases of gallbladder","Males and Females","1949","41202, 41204"
"clinical_c_K83","K83 Other diseases of biliary tract","Males and Females","2093","41202, 41204"
"clinical_c_K85","K85 Acute pancreatitis","Males and Females","622","41202, 41204"
"clinical_c_K86","K86 Other diseases of pancreas","Males and Females","1221","41202, 41204"
"selfReported_n_1414","sarcoidosis","Males and Females","867","20002"
"selfReported_n_1352","ankylosing spondylitis","Males and Females","1265","20002"
"clinical_c_K76","K76 Other diseases of liver","Males and Females","3737","41202, 41204"
"selfReported_n_1747","viral infection","Males and Females","3530","20002"
"selfReported_n_1415","vasculitis","Males and Females","1297","20002"
"selfReported_n_1541","cervical spondylosis","Males and Females","3228","20002"
"cancer_c_D41","D41 Neoplasm of uncertain or unknown behaviour of urinary organs","Males and Females","691","40006"
"selfReported_n_1686","soft tissue inflammation","Males and Females","761","20002"
"clinical_c_A08","A08 Viral and other specified intestinal infections","Males and Females","911","41202, 41204"
"clinical_c_A09","A09 Diarrhoea and gastro-enteritis of presumed infectious origin","Males and Females","5571","41202, 41204"
"clinical_c_Block_J20-J22","J20-J22 Other acute lower respiratory infections","Males and Females","8383","41202, 41204"
"selfReported_n_1089","essential hypertension","Males and Females","2019","20002"
"selfReported_n_1696","fracture head & neck","Males and Females","1246","20002"
"clinical_c_A04","A04 Other bacterial intestinal infections","Males and Females","2837","41202, 41204"
"selfReported_n_1566","anal problem","Males and Females","1461","20002"
"selfReported_n_1519","colitis/not crohns or ulcerative colitis","Males and Females","1171","20002"
"selfReported_n_1466","ent disorder/not cancer","Males and Females","16440","20002"
"clinical_c_I08","I08 Multiple valve diseases","Males and Females","1806","41202, 41204"
"clinical_c_Block_K65-K67","K65-K67 Diseases of peritoneum","Males and Females","4114","41202, 41204"
"clinical_c_Block_K55-K64","K55-K64 Other diseases of intestines","Males and Females","71527","41202, 41204"
"selfReported_n_1539","sciatica","Males and Females","4273","20002"
"clinical_c_M51","M51 Other intervertebral disk disorders","Males and Females","7976","41202, 41204"
"clinical_c_M50","M50 Cervical disk disorders","Males and Females","1645","41202, 41204"
"clinical_c_M53","M53 Other dorsopathies, not elsewhere classified","Males and Females","593","41202, 41204"
"selfReported_n_1517","duodenal ulcer","Males and Females","1865","20002"
"selfReported_n_1321","joint disorder","Males and Females","57632","20002"
"cancer_c_C34","C34 Malignant neoplasm of bronchus and lung","Males and Females","1655","40006"
"clinical_c_Block_H55-H59","H55-H59 Other disorders of eye and adnexa","Males and Females","1072","41202, 41204"
"clinical_c_M07","M07 Psoriatic and enteropathic arthropathies","Males and Females","777","41202, 41204"
"selfReported_n_1319","bone disorder","Males and Females","10131","20002"
"clinical_c_Block_H43-H45","H43-H45 Disorders of vitreous body and globe","Males and Females","1868","41202, 41204"
"clinical_c_H54","H54 Blindness and low vision","Males and Females","947","41202, 41204"
"selfReported_n_1502","haematology","Males and Females","6314","20002"
"clinical_c_Block_L80-L99","L80-L99 Other disorders of the skin and subcutaneous tissue","Males and Females","17416","41202, 41204"
"clinical_c_H50","H50 Other strabismus","Males and Females","1005","41202, 41204"
"clinical_c_H52","H52 Disorders of refraction and accommodation","Males and Females","1979","41202, 41204"
"clinical_c_H53","H53 Visual disturbances","Males and Females","3251","41202, 41204"
"clinical_c_Block_I30-I52","I30-I52 Other forms of heart disease","Males and Females","31135","41202, 41204"
"clinical_c_L08","L08 Other local infections of skin and subcutaneous tissue","Males and Females","1345","41202, 41204"
"clinical_c_Block_H90-H95","H90-H95 Other disorders of ear","Males and Females","4967","41202, 41204"
"clinical_c_L05","L05 Pilonidal cyst","Males and Females","532","41202, 41204"
"clinical_c_L03","L03 Cellulitis","Males and Females","7831","41202, 41204"
"clinical_c_Block_J90-J94","J90-J94 Other diseases of pleura","Males and Females","7241","41202, 41204"
"clinical_c_Block_D70-D77","D70-D77 Other diseases of blood and blood-forming organs","Males and Females","5047","41202, 41204"
"selfReported_n_1542","rheumatic fever","Males and Females","1358","20002"
"clinical_c_K81","K81 Cholecystitis","Males and Females","2923","41202, 41204"
"selfReported_n_1156","liver/biliary/pancreas problem","Males and Females","12745","20002"
"clinical_c_Block_J09-J18","J09-J18 Influenza and pneumonia","Males and Females","10739","41202, 41204"
"selfReported_n_1302","diabetic eye disease","Males and Females","852","20002"
"clinical_c_Block_F00-F09","F00-F09 Organic, including symptomatic, mental disorders","Males and Females","1718","41202, 41204"
"selfReported_n_1761","tuberculosis (tb)","Males and Females","2219","20002"
"selfReported_n_1268","eye/eyelid problem","Males and Females","18055","20002"
"selfReported_n_1084","peripheral vascular disease","Males and Females","1337","20002"
"clinical_c_J84","J84 Other interstitial pulmonary diseases","Males and Females","1136","41202, 41204"
"clinical_c_G40","G40 Epilepsy","Males and Females","4019","41202, 41204"
"clinical_c_G43","G43 Migraine","Males and Females","3012","41202, 41204"
"clinical_c_G44","G44 Other headache syndromes","Males and Females","568","41202, 41204"
"clinical_c_G45","G45 Transient cerebral ischaemic attacks and related syndromes","Males and Females","2765","41202, 41204"
"clinical_c_G47","G47 Sleep disorders","Males and Females","5822","41202, 41204"
"clinical_c_Block_L40-L45","L40-L45 Papulosquamous disorders","Males and Females","3099","41202, 41204"
"clinical_c_E53","E53 Deficiency of other B group vitamins","Males and Females","802","41202, 41204"
"clinical_c_B34","B34 Viral infection of unspecified site","Males and Females","1888","41202, 41204"
"selfReported_n_1185","pancreatic disease","Males and Females","1031","20002"
"clinical_c_B37","B37 Candidiasis","Males and Females","2354","41202, 41204"
"clinical_c_O48","O48 Prolonged pregnancy","Females","1308","41202, 41204"
"clinical_c_J35","J35 Chronic diseases of tonsils and adenoids","Males and Females","1093","41202, 41204"
"clinical_c_J30","J30 Vasomotor and allergic rhinitis","Males and Females","1121","41202, 41204"
"clinical_c_J31","J31 Chronic rhinitis, nasopharyngitis and pharyngitis","Males and Females","948","41202, 41204"
"clinical_c_J32","J32 Chronic sinusitis","Males and Females","2689","41202, 41204"
"clinical_c_J33","J33 Nasal polyp","Males and Females","3528","41202, 41204"
"selfReported_n_1155","bowel problem","Males and Females","30227","20002"
"clinical_c_O42","O42 Premature rupture of membranes","Females","1177","41202, 41204"
"clinical_c_J38","J38 Diseases of vocal cords and larynx, not elsewhere classified","Males and Females","1899","41202, 41204"
"clinical_c_J39","J39 Other diseases of upper respiratory tract","Males and Females","779","41202, 41204"
"clinical_c_O46","O46 Antepartum haemorrhage, not elsewhere classified","Females","701","41202, 41204"
"clinical_c_O47","O47 False labour","Females","1152","41202, 41204"
"clinical_c_Block_G50-G59","G50-G59 Nerve, nerve root and plexus disorders","Males and Females","19480","41202, 41204"
"cancer_c_D06","D06 Carcinoma in situ of cervix uteri","Females","1992","40006"
"cancer_c_D05","D05 Carcinoma in situ of breast","Females","1840","40006"
"cancer_c_D04","D04 Carcinoma in situ of skin","Males and Females","991","40006"
"cancer_c_D03","D03 Melanoma in situ","Males and Females","946","40006"
"clinical_c_I31","I31 Other diseases of pericardium","Males and Females","1170","41202, 41204"
"clinical_c_I35","I35 Nonrheumatic aortic valve disorders","Males and Females","2783","41202, 41204"
"clinical_c_I34","I34 Nonrheumatic mitral valve disorders","Males and Females","2552","41202, 41204"
"selfReported_n_1430","hayfever/allergic rhinitis","Males and Females","25473","20002"
"clinical_c_A41","A41 Other septicaemia","Males and Females","4076","41202, 41204"
"selfReported_n_1504","anaemia","Males and Females","4598","20002"
"clinical_c_Block_E15-E16","E15-E16 Other disorders of glucose regulation and pancreatic internal secretion","Males and Females","1013","41202, 41204"
"clinical_c_F17","F17 Mental and behavioural disorders due to use of tobacco","Males and Females","12310","41202, 41204"
"clinical_c_A49","A49 Bacterial infection of unspecified site","Males and Females","816","41202, 41204"
"clinical_c_N12","N12 Tubulo-interstitial nephritis, not specified as acute or chronic","Males and Females","991","41202, 41204"
"clinical_c_N13","N13 Obstructive and reflux uropathy","Males and Females","2869","41202, 41204"
"clinical_c_N17","N17 Acute renal failure","Males and Females","4913","41202, 41204"
"selfReported_n_1175","irritable bowel syndrome","Males and Females","10696","20002"
"clinical_c_Block_G30-G32","G30-G32 Other degenerative diseases of the nervous system","Males and Females","1070","41202, 41204"
"clinical_c_N18","N18 Chronic renal failure","Males and Females","4905","41202, 41204"
"clinical_c_N19","N19 Unspecified renal failure","Males and Females","1516","41202, 41204"
"clinical_c_K70","K70 Alcoholic liver disease","Males and Females","919","41202, 41204"
"clinical_c_K75","K75 Other inflammatory liver diseases","Males and Females","734","41202, 41204"
"clinical_c_K74","K74 Fibrosis and cirrhosis of liver","Males and Females","901","41202, 41204"
"clinical_c_I49","I49 Other cardiac arrhythmias","Males and Females","2831","41202, 41204"
"clinical_c_I46","I46 Cardiac arrest","Males and Females","1033","41202, 41204"
"clinical_c_I47","I47 Paroxysmal tachycardia","Males and Females","3531","41202, 41204"
"clinical_c_I44","I44 Atrioventricular and left bundle-branch block","Males and Females","3957","41202, 41204"
"clinical_c_I45","I45 Other conduction disorders","Males and Females","2390","41202, 41204"
"clinical_c_I42","I42 Cardiomyopathy","Males and Females","1372","41202, 41204"
"clinical_c_Block_M95-M99","M95-M99 Other disorders of the musculoskeletal system and connective tissue","Males and Females","970","41202, 41204"
"clinical_c_H25","H25 Senile cataract","Males and Females","9109","41202, 41204"
"clinical_c_H26","H26 Other cataract","Males and Females","15591","41202, 41204"
"clinical_c_Block_M65-M68","M65-M68 Disorders of synovium and tendon","Males and Females","10046","41202, 41204"
"clinical_c_Block_O85-O92","O85-O92 Complications predominantly related to the puerperium","Females","681","41202, 41204"
"clinical_c_N99","N99 Postprocedural disorders of genito-urinary system, not elsewhere classified","Males and Females","1273","41202, 41204"
"clinical_c_Block_G35-G37","G35-G37 Demyelinating diseases of the central nervous system","Males and Females","1631","41202, 41204"
"selfReported_n_1621","obstetric problem","Females","1248","20002"
"clinical_c_Block_O00-O08","O00-O08 Pregnancy with abortive outcome","Females","3984","41202, 41204"
"selfReported_n_1597","back pain","Males and Females","2399","20002"
"clinical_c_Block_I80-I89","I80-I89 Diseases of veins, lymphatic vessels and lymph nodes, not elsewhere classified","Males and Females","42582","41202, 41204"
"selfReported_n_1099","transient ischaemic attack (tia)","Males and Females","1675","20002"
"selfReported_n_1512","psoriasis","Males and Females","5175","20002"
"selfReported_n_1513","blistering/desquamating skin disorder","Males and Females","820","20002"
"selfReported_n_1574","abdominal hernia","Males and Females","2609","20002"
"selfReported_n_1608","neck problem/injury","Males and Females","3606","20002"
"selfReported_n_1112","deep venous thrombosis (dvt)","Males and Females","9059","20002"
"clinical_c_Block_E00-E07","E00-E07 Disorders of thyroid gland","Males and Females","18652","41202, 41204"
"clinical_c_Block_M80-M85","M80-M85 Disorders of bone density and structure","Males and Females","9873","41202, 41204"
"selfReported_n_1231","other urological problem (male)","Males","8841","20002"
"clinical_c_Block_I10-I15","I10-I15 Hypertensive diseases","Males and Females","84910","41202, 41204"
"clinical_c_Block_J00-J06","J00-J06 Acute upper respiratory infections","Males and Females","3220","41202, 41204"
"clinical_c_M10","M10 Gout","Males and Females","3528","41202, 41204"
"clinical_c_M13","M13 Other arthritis","Males and Females","12699","41202, 41204"
"clinical_c_M15","M15 Polyarthrosis","Males and Females","4373","41202, 41204"
"clinical_c_M17","M17 Gonarthrosis [arthrosis of knee]","Males and Females","21918","41202, 41204"
"clinical_c_M16","M16 Coxarthrosis [arthrosis of hip]","Males and Females","12868","41202, 41204"
"clinical_c_M19","M19 Other arthrosis","Males and Females","18106","41202, 41204"
"clinical_c_M18","M18 Arthrosis of first carpometacarpal joint","Males and Females","1439","41202, 41204"
"selfReported_n_1154","stomach disorder","Males and Females","5007","20002"
"selfReported_n_1525","osteoarthritis","Males and Females","37782","20002"
"clinical_c_L53","L53 Other erythematous conditions","Males and Females","579","41202, 41204"
"clinical_c_L57","L57 Skin changes due to chronic exposure to nonionising radiation","Males and Females","2595","41202, 41204"
"clinical_c_E11","E11 Non-insulin-dependent diabetes mellitus","Males and Females","19860","41202, 41204"
"clinical_c_E10","E10 Insulin-dependent diabetes mellitus","Males and Females","3041","41202, 41204"
"clinical_c_J47","J47 Bronchiectasis","Males and Females","2045","41202, 41204"
"clinical_c_E14","E14 Unspecified diabetes mellitus","Males and Females","2543","41202, 41204"
"clinical_c_J43","J43 Emphysema","Males and Females","1881","41202, 41204"
"clinical_c_E16","E16 Other disorders of pancreatic internal secretion","Males and Females","1010","41202, 41204"
"selfReported_n_1176","hepatitis","Males and Females","2239","20002"
"selfReported_n_1081","hypertension","Males and Females","120333","20002"
"clinical_c_O04","O04 Medical abortion","Females","1186","41202, 41204"
"clinical_c_O02","O02 Other abnormal products of conception","Females","1400","41202, 41204"
"clinical_c_O03","O03 Spontaneous abortion","Females","1484","41202, 41204"
"clinical_c_G95","G95 Other diseases of spinal cord","Males and Females","618","41202, 41204"
"clinical_c_G93","G93 Other disorders of brain","Males and Females","1708","41202, 41204"
"clinical_c_G91","G91 Hydrocephalus","Males and Females","489","41202, 41204"
"clinical_c_G99","G99 Other disorders of nervous system in diseases classified elsewhere","Males and Females","1168","41202, 41204"
"clinical_c_K29","K29 Gastritis and duodenitis","Males and Females","29909","41202, 41204"
"clinical_c_K22","K22 Other diseases of oesophagus","Males and Females","10729","41202, 41204"
"clinical_c_K20","K20 Oesophagitis","Males and Females","10129","41202, 41204"
"clinical_c_Block_I26-I28","I26-I28 Pulmonary heart disease and diseases of pulmonary circulation","Males and Females","4800","41202, 41204"
"clinical_c_K26","K26 Duodenal ulcer","Males and Females","3409","41202, 41204"
"selfReported_n_1457","muscle or soft tissue injuries","Males and Females","3252","20002"
"selfReported_n_1527","other joint disorder","Males and Females","4310","20002"
"clinical_c_K25","K25 Gastric ulcer","Males and Females","4689","41202, 41204"
"clinical_c_E86","E86 Volume depletion","Males and Females","3072","41202, 41204"
"clinical_c_E87","E87 Other disorders of fluid, electrolyte and acid-base balance","Males and Females","5760","41202, 41204"
"clinical_c_E83","E83 Disorders of mineral metabolism","Males and Females","2342","41202, 41204"
"selfReported_n_1516","malabsorption/coeliac disease","Males and Females","1957","20002"
"clinical_c_E89","E89 Postprocedural endocrine and metabolic disorders, not elsewhere classified","Males and Females","1438","41202, 41204"
"clinical_c_N50","N50 Other disorders of male genital organs","Males","3058","41202, 41204"
"selfReported_n_1098","stroke","Males and Females","6465","20002"
"selfReported_n_1510","dermatology","Males and Females","19048","20002"
"selfReported_n_1292","head injury","Males and Females","1486","20002"
"clinical_c_Block_I60-I69","I60-I69 Cerebrovascular diseases","Males and Females","8854","41202, 41204"
"cancer_c_Block_C50-C50","C50-C50 Malignant neoplasm of breast","Females","10478","40006"
"selfReported_n_1092","heart attack/myocardial infarction","Males and Females","10356","20002"
"selfReported_n_1131","chronic obstructive airways disease/copd","Males and Females","1579","20002"
"clinical_c_M54","M54 Dorsalgia","Males and Females","15687","41202, 41204"
"clinical_c_Block_B35-B49","B35-B49 Mycoses","Males and Females","2909","41202, 41204"
"selfReported_n_1518","diverticular disease/diverticulitis","Males and Females","5101","20002"
"clinical_c_F20","F20 Schizophrenia","Males and Females","590","41202, 41204"
"cancer_c_Block_C81-C96","C81-C96 Malignant neoplasms, stated or presumed to be primary, of lymphoid, haematopoietic and related tissue","Males and Females","3046","40006"
"clinical_c_D50","D50 Iron deficiency anaemia","Males and Females","8405","41202, 41204"
"clinical_c_Block_N99-N99","N99-N99 Other disorders of the genitourinary system","Males and Females","1273","41202, 41204"
"clinical_c_Block_N25-N29","N25-N29 Other disorders of kidney and ureter","Males and Females","2835","41202, 41204"
"clinical_c_Block_K70-K77","K70-K77 Diseases of liver","Males and Females","5472","41202, 41204"
"selfReported_n_1280","peripheral nerve disorder","Males and Females","2458","20002"
"selfReported_n_1232","prostate problem (not cancer)","Males","7754","20002"
"clinical_c_I77","I77 Other disorders of arteries and arterioles","Males and Females","1555","41202, 41204"
"selfReported_n_1142","sleep apnoea","Males and Females","1462","20002"
"clinical_c_N28","N28 Other disorders of kidney and ureter, not elsewhere classified","Males and Females","2596","41202, 41204"
"clinical_c_I73","I73 Other peripheral vascular diseases","Males and Females","4034","41202, 41204"
"clinical_c_Block_I05-I09","I05-I09 Chronic rheumatic heart diseases","Males and Females","2394","41202, 41204"
"clinical_c_I71","I71 Aortic aneurysm and dissection","Males and Females","1470","41202, 41204"
"clinical_c_I70","I70 Atherosclerosis","Males and Females","1371","41202, 41204"
"clinical_c_N23","N23 Unspecified renal colic","Males and Females","2063","41202, 41204"
"clinical_c_N21","N21 Calculus of lower urinary tract","Males and Females","833","41202, 41204"
"clinical_c_N20","N20 Calculus of kidney and ureter","Males and Females","5216","41202, 41204"
"clinical_c_I78","I78 Diseases of capillaries","Males and Females","742","41202, 41204"
"cancer_c_C20","C20 Malignant neoplasm of rectum","Males and Females","1244","40006"
"clinical_c_Block_E20-E35","E20-E35 Disorders of other endocrine glands","Males and Females","2781","41202, 41204"
"selfReported_n_1760","helicobacter pylori","Males and Females","1291","20002"
"clinical_c_M43","M43 Other deforming dorsopathies","Males and Females","1873","41202, 41204"
"clinical_c_M41","M41 Scoliosis","Males and Females","1140","41202, 41204"
"clinical_c_M46","M46 Other inflammatory spondylopathies","Males and Females","1378","41202, 41204"
"clinical_c_M47","M47 Spondylosis","Males and Females","8282","41202, 41204"
"clinical_c_K51","K51 Ulcerative colitis","Males and Females","3497","41202, 41204"
"selfReported_n_1429","allergy or anaphylactic reaction to drug","Males and Females","3932","20002"
"clinical_c_N35","N35 Urethral stricture","Males and Females","3559","41202, 41204"
"selfReported_n_1347","osteomyelitis","Males and Females","698","20002"
"selfReported_n_1111","pulmonary embolism +/- dvt","Males and Females","3746","20002"
"clinical_c_Block_F20-F29","F20-F29 Schizophrenia, schizotypal and delusional disorders","Males and Females","1061","41202, 41204"
"selfReported_n_1301","retinal problem","Males and Females","2720","20002"
"selfReported_n_1082","heart/cardiac problem","Males and Females","32474","20002"
"clinical_c_H61","H61 Other disorders of external ear","Males and Females","1063","41202, 41204"
"clinical_c_H60","H60 Otitis externa","Males and Females","578","41202, 41204"
"clinical_c_Block_N40-N51","N40-N51 Diseases of male genital organs","Males","21184","41202, 41204"
"clinical_c_H65","H65 Nonsuppurative otitis media","Males and Females","1143","41202, 41204"
"cancer_c_Block_C43-C44","C43-C44 Melanoma and other malignant neoplasms of skin","Males and Females","17837","40006"
"clinical_c_H66","H66 Suppurative and unspecified otitis media","Males and Females","855","41202, 41204"
"cancer_c_C44","C44 Other malignant neoplasms of skin","Males and Females","15372","40006"
"selfReported_n_1720","fracture pelvis & lower limb","Males and Females","3838","20002"
"clinical_c_H83","H83 Other diseases of inner ear","Males and Females","899","41202, 41204"
"clinical_c_H81","H81 Disorders of vestibular function","Males and Females","1071","41202, 41204"
"clinical_c_Block_M86-M90","M86-M90 Other osteopathies","Males and Females","3407","41202, 41204"
"clinical_c_Block_N60-N64","N60-N64 Disorders of breast","Males and Females","5884","41202, 41204"
"clinical_c_Block_K40-K46","K40-K46 Hernia","Males and Females","51326","41202, 41204"
"clinical_c_L85","L85 Other epidermal thickening","Males and Females","745","41202, 41204"
"clinical_c_L82","L82 Seborrhoeic keratosis","Males and Females","3378","41202, 41204"
"clinical_c_L81","L81 Other disorders of pigmentation","Males and Females","855","41202, 41204"
"clinical_c_L89","L89 Decubitus ulcer","Males and Females","683","41202, 41204"
"cancer_c_Block_C64-C68","C64-C68 Malignant neoplasms of urinary tract","Males and Females","1829","40006"
"clinical_c_M25","M25 Other joint disorders, not elsewhere classified","Males and Females","14324","41202, 41204"
"selfReported_n_1702","fracture upper limb & shoulder","Males and Females","4084","20002"
"clinical_c_J96","J96 Respiratory failure, not elsewhere classified","Males and Females","2211","41202, 41204"
"clinical_c_J92","J92 Pleural plaque","Males and Females","826","41202, 41204"
"clinical_c_J93","J93 Pneumothorax","Males and Females","912","41202, 41204"
"clinical_c_J90","J90 Pleural effusion, not elsewhere classified","Males and Females","5636","41202, 41204"
"selfReported_n_1250","hyperthyroidism/thyrotoxicosis","Males and Females","3452","20002"
"clinical_c_J98","J98 Other respiratory disorders","Males and Females","3492","41202, 41204"
"selfReported_n_1740","benign breast lump","Females","1290","20002"
"clinical_c_Block_D60-D64","D60-D64 Aplastic and other anaemias","Males and Females","13656","41202, 41204"
"clinical_c_B07","B07 Viral warts","Males and Females","774","41202, 41204"
"clinical_c_Block_E65-E68","E65-E68 Obesity and other hyperalimentation","Males and Females","11918","41202, 41204"
"cancer_c_Block_D00-D09","D00-D09 In situ neoplasms","Males and Females","7028","40006"
"clinical_c_J40","J40 Bronchitis, not specified as acute or chronic","Males and Females","686","41202, 41204"
"selfReported_n_1557","varicose veins","Males and Females","1622","20002"
"selfReported_n_1320","back problem","Males and Females","26889","20002"
"clinical_c_O75","O75 Other complications of labour and delivery, not elsewhere classified","Females","833","41202, 41204"
"clinical_c_J03","J03 Acute tonsillitis","Males and Females","616","41202, 41204"
"clinical_c_J02","J02 Acute pharyngitis","Males and Females","927","41202, 41204"
"clinical_c_O70","O70 Perineal laceration during delivery","Females","5928","41202, 41204"
"clinical_c_O72","O72 Postpartum haemorrhage","Females","1437","41202, 41204"
"clinical_c_K13","K13 Other diseases of lip and oral mucosa","Males and Females","3122","41202, 41204"
"clinical_c_K12","K12 Stomatitis and related lesions","Males and Females","886","41202, 41204"
"clinical_c_K11","K11 Diseases of salivary glands","Males and Females","1098","41202, 41204"
"selfReported_n_1573","dyspepsia / indigestion","Males and Females","565","20002"
"clinical_c_K14","K14 Diseases of tongue","Males and Females","1325","41202, 41204"
"clinical_c_I20","I20 Angina pectoris","Males and Females","19935","41202, 41204"
"clinical_c_I21","I21 Acute myocardial infarction","Males and Females","8764","41202, 41204"
"clinical_c_I22","I22 Subsequent myocardial infarction","Males and Females","788","41202, 41204"
"clinical_c_I24","I24 Other acute ischaemic heart diseases","Males and Females","1504","41202, 41204"
"clinical_c_I25","I25 Chronic ischaemic heart disease","Males and Females","27772","41202, 41204"
"clinical_c_I26","I26 Pulmonary embolism","Males and Females","3952","41202, 41204"
"clinical_c_I27","I27 Other pulmonary heart diseases","Males and Females","904","41202, 41204"
"cancer_c_Block_C15-C26","C15-C26 Malignant neoplasms of digestive organs","Males and Females","6134","40006"
"selfReported_n_1222","bladder problem (not cancer)","Males and Females","4259","20002"
"clinical_c_Block_M40-M43","M40-M43 Deforming dorsopathies","Males and Females","3065","41202, 41204"
"clinical_c_Block_J30-J39","J30-J39 Other diseases of upper respiratory tract","Males and Females","15771","41202, 41204"
"clinical_c_N64","N64 Other disorders of breast","Females","1321","41202, 41204"
"clinical_c_N63","N63 Unspecified lump in breast","Males and Females","1691","41202, 41204"
"clinical_c_N62","N62 Hypertrophy of breast","Males and Females","895","41202, 41204"
"clinical_c_N60","N60 Benign mammary dysplasia","Females","1937","41202, 41204"
"selfReported_n_1213","renal/kidney failure","Males and Females","759","20002"
"clinical_c_K66","K66 Other disorders of peritoneum","Males and Females","3393","41202, 41204"
"clinical_c_J45","J45 Asthma","Males and Females","28628","41202, 41204"
"clinical_c_K62","K62 Other diseases of anus and rectum","Males and Females","25542","41202, 41204"
"clinical_c_K63","K63 Other diseases of intestine","Males and Females","15734","41202, 41204"
"clinical_c_K60","K60 Fissure and fistula of anal and rectal regions","Males and Females","3455","41202, 41204"
"clinical_c_J44","J44 Other chronic obstructive pulmonary disease","Males and Females","9266","41202, 41204"
"selfReported_n_1223","urinary frequency / incontinence","Males and Females","1576","20002"
"clinical_c_Block_L60-L75","L60-L75 Disorders of skin appendages","Males and Females","11232","41202, 41204"
"selfReported_n_1350","spine arthritis/spondylitis","Males and Females","3966","20002"
"cancer_c_C67","C67 Malignant neoplasm of bladder","Males and Females","836","40006"
"cancer_c_C64","C64 Malignant neoplasm of kidney, except renal pelvis","Males and Females","903","40006"
"selfReported_n_1520","rectal or colon adenoma/polyps","Males and Females","1369","20002"
"cancer_c_C61","C61 Malignant neoplasm of prostate","Males","6879","40006"
"clinical_c_I95","I95 Hypotension","Males and Females","5361","41202, 41204"
"clinical_c_Block_E10-E14","E10-E14 Diabetes mellitus","Males and Females","21484","41202, 41204"
"selfReported_n_1460","substance abuse/dependency","Males and Females","746","20002"
"selfReported_n_1614","ovarian problem","Females","4406","20002"
"selfReported_n_1133","bronchiectasis","Males and Females","1056","20002"
"clinical_c_M94","M94 Other disorders of cartilage","Males and Females","819","41202, 41204"
"selfReported_n_1465","bronchitis","Males and Females","3339","20002"
"clinical_c_Block_F30-F39","F30-F39 Mood [affective] disorders","Males and Females","13795","41202, 41204"
"clinical_c_Block_M15-M19","M15-M19 Arthrosis","Males and Females","48510","41202, 41204"
"selfReported_n_1305","eye trauma","Males and Females","627","20002"
"clinical_c_Block_H10-H13","H10-H13 Disorders of conjunctiva","Males and Females","1102","41202, 41204"
"clinical_c_M72","M72 Fibroblastic disorders","Males and Females","4321","41202, 41204"
"clinical_c_M71","M71 Other bursopathies","Males and Females","885","41202, 41204"
"clinical_c_M70","M70 Soft tissue disorders related to use, overuse and pressure","Males and Females","1761","41202, 41204"
"clinical_c_M77","M77 Other enthesopathies","Males and Females","1876","41202, 41204"
"clinical_c_M75","M75 Shoulder lesions","Males and Females","9963","41202, 41204"
"selfReported_n_1291","migraine","Males and Females","13241","20002"
"clinical_c_M79","M79 Other soft tissue disorders, not elsewhere classified","Males and Females","13514","41202, 41204"
"selfReported_n_1536","high cholesterol","Males and Females","55265","20002"
"selfReported_n_1348","osteoporosis","Males and Females","7323","20002"
"selfReported_n_1695","fracture","Males and Females","8319","20002"
"cancer_c_C18","C18 Malignant neoplasm of colon","Males and Females","2581","40006"
"clinical_c_Block_F40-F48","F40-F48 Neurotic, stress-related and somatoform disorders","Males and Females","8047","41202, 41204"
"clinical_c_Block_G90-G99","G90-G99 Other disorders of the nervous system","Males and Females","4460","41202, 41204"
"selfReported_n_1469","ear/vestibular disorder","Males and Females","6770","20002"
"selfReported_n_1160","oesophagitis/barretts oesophagus","Males and Females","1390","20002"
"selfReported_n_1762","tropical & travel-related infections","Males and Females","606","20002"
"clinical_c_M06","M06 Other rheumatoid arthritis","Males and Females","4747","41202, 41204"
"clinical_c_H33","H33 Retinal detachments and breaks","Males and Females","3533","41202, 41204"
"clinical_c_M05","M05 Seropositive rheumatoid arthritis","Males and Females","636","41202, 41204"
"clinical_c_H36","H36 Retinal disorders in diseases classified elsewhere","Males and Females","1452","41202, 41204"
"clinical_c_H34","H34 Retinal vascular occlusions","Males and Females","571","41202, 41204"
"clinical_c_H35","H35 Other retinal disorders","Males and Females","3774","41202, 41204"
"clinical_c_G31","G31 Other degenerative diseases of nervous system, not elsewhere classified","Males and Females","660","41202, 41204"
"clinical_c_G35","G35 Multiple sclerosis","Males and Females","1406","41202, 41204"
"clinical_c_L60","L60 Nail disorders","Males and Females","1254","41202, 41204"
"clinical_c_E04","E04 Other non-toxic goitre","Males and Females","1826","41202, 41204"
"clinical_c_Block_H40-H42","H40-H42 Glaucoma","Males and Females","4837","41202, 41204"
"clinical_c_E03","E03 Other hypothyroidism","Males and Females","15536","41202, 41204"
"clinical_c_L02","L02 Cutaneous abscess, furuncle and carbuncle","Males and Females","2550","41202, 41204"
"selfReported_n_1416","connective tissue disorder","Males and Females","2969","20002"
"clinical_c_Block_K80-K87","K80-K87 Disorders of gallbladder, biliary tract and pancreas","Males and Females","19750","41202, 41204"
"selfReported_n_1182","gall bladder disease","Males and Females","8169","20002"
"clinical_c_Block_L50-L54","L50-L54 Urticaria and erythema","Males and Females","1134","41202, 41204"
"cancer_c_C83","C83 Diffuse non-Hodgkin's lymphoma","Males and Females","685","40006"
"clinical_c_Block_G80-G83","G80-G83 Cerebral palsy and other paralytic syndromes","Males and Females","2331","41202, 41204"
"clinical_c_O32","O32 Maternal care for known or suspected malpresentation of foetus","Females","1185","41202, 41204"
"clinical_c_O34","O34 Maternal care for known or suspected abnormality of pelvic organs","Females","1647","41202, 41204"
"clinical_c_O36","O36 Maternal care for other known or suspected foetal problems","Females","2042","41202, 41204"
"cancer_c_Block_C30-C39","C30-C39 Malignant neoplasms of respiratory and intrathoracic organs","Males and Females","1940","40006"
"clinical_c_G81","G81 Hemiplegia","Males and Females","1597","41202, 41204"
"clinical_c_Block_H65-H75","H65-H75 Diseases of middle ear and mastoid","Males and Females","3523","41202, 41204"
"clinical_c_J06","J06 Acute upper respiratory infections of multiple and unspecified sites","Males and Females","898","41202, 41204"
"clinical_c_Block_D80-D89","D80-D89 Certain disorders involving the immune mechanism","Males and Females","1144","41202, 41204"
"clinical_c_Block_K50-K52","K50-K52 Noninfective enteritis and colitis","Males and Females","21044","41202, 41204"
"clinical_c_K59","K59 Other functional intestinal disorders","Males and Females","12223","41202, 41204"
"clinical_c_K58","K58 Irritable bowel syndrome","Males and Females","6041","41202, 41204"
"clinical_c_K57","K57 Diverticular disease of intestine","Males and Females","30002","41202, 41204"
"clinical_c_K56","K56 Paralytic ileus and intestinal obstruction without hernia","Males and Females","4288","41202, 41204"
"clinical_c_K55","K55 Vascular disorders of intestine","Males and Females","1118","41202, 41204"
"clinical_c_K52","K52 Other non-infective gastro-enteritis and colitis","Males and Females","17729","41202, 41204"
"clinical_c_Block_J60-J70","J60-J70 Lung diseases due to external agents","Males and Females","1058","41202, 41204"
"clinical_c_K50","K50 Crohn's disease [regional enteritis]","Males and Females","1877","41202, 41204"
"clinical_c_E78","E78 Disorders of lipoprotein metabolism and other lipidaemias","Males and Females","39308","41202, 41204"
"selfReported_n_1249","thyroid problem (not cancer)","Males and Females","26500","20002"
"clinical_c_Block_G70-G73","G70-G73 Diseases of myoneural junction and muscle","Males and Females","569","41202, 41204"
"selfReported_n_1605","fibromyalgia","Males and Females","656","20002"
"selfReported_n_1265","neurology","Males and Females","30797","20002"
"selfReported_n_1245","diabetes","Males and Females","21105","20002"
"clinical_c_Block_N10-N16","N10-N16 Renal tubulo-interstitial diseases","Males and Females","4099","41202, 41204"
"selfReported_n_1660","respiratory infection","Males and Females","6555","20002"
"selfReported_n_1616","cervical problem","Females","1232","20002"
"selfReported_n_1085","venous thromboembolic disease","Males and Females","11636","20002"
"clinical_c_N85","N85 Other noninflammatory disorders of uterus, except cervix","Females","5697","41202, 41204"
"clinical_c_N84","N84 Polyp of female genital tract","Females","11737","41202, 41204"
"clinical_c_N87","N87 Dysplasia of cervix uteri","Females","1677","41202, 41204"
"clinical_c_N86","N86 Erosion and ectropion of cervix uteri","Females","996","41202, 41204"
"clinical_c_N81","N81 Female genital prolapse","Females","12710","41202, 41204"
"clinical_c_N80","N80 Endometriosis","Females","4252","41202, 41204"
"clinical_c_N83","N83 Noninflammatory disorders of ovary, Fallopian tube and broad ligament","Females","5654","41202, 41204"
"selfReported_n_1503","clotting disorder/excessive bleeding","Males and Females","886","20002"
"selfReported_n_1734","rosacea","Males and Females","715","20002"
"clinical_c_N89","N89 Other noninflammatory disorders of vagina","Females","1702","41202, 41204"
"clinical_c_N88","N88 Other noninflammatory disorders of cervix uteri","Females","1945","41202, 41204"
"clinical_c_Block_H53-H54","H53-H54 Visual disturbances and blindness","Males and Females","4121","41202, 41204"
"clinical_c_F31","F31 Bipolar affective disorder","Males and Females","1068","41202, 41204"
"clinical_c_F32","F32 Depressive episode","Males and Females","12739","41202, 41204"
"clinical_c_F33","F33 Recurrent depressive disorder","Males and Females","792","41202, 41204"
"clinical_c_D69","D69 Purpura and other haemorrhagic conditions","Males and Females","1802","41202, 41204"
"clinical_c_D68","D68 Other coagulation defects","Males and Females","1018","41202, 41204"
"clinical_c_D64","D64 Other anaemias","Males and Females","12664","41202, 41204"
"selfReported_n_1623","miscarriage","Females","917","20002"
"clinical_c_D63","D63 Anaemia in chronic diseases classified elsewhere","Males and Females","763","41202, 41204"
"clinical_c_Block_N00-N08","N00-N08 Glomerular diseases","Males and Females","2289","41202, 41204"
"selfReported_n_1752","varicella zoster virus","Males and Females","2087","20002"
"clinical_c_I64","I64 Stroke, not specified as haemorrhage or infarction","Males and Females","1154","41202, 41204"
"clinical_c_N39","N39 Other disorders of urinary system","Males and Females","21049","41202, 41204"
"selfReported_n_1132","emphysema/chronic bronchitis","Males and Females","9741","20002"
"clinical_c_I67","I67 Other cerebrovascular diseases","Males and Females","2608","41202, 41204"
"clinical_c_Block_B00-B09","B00-B09 Viral infections characterized by skin and mucous membrane lesions","Males and Females","1753","41202, 41204"
"clinical_c_I61","I61 Intracerebral haemorrhage","Males and Females","773","41202, 41204"
"clinical_c_I63","I63 Cerebral infarction","Males and Females","3502","41202, 41204"
"clinical_c_N30","N30 Cystitis","Males and Females","3203","41202, 41204"
"clinical_c_N31","N31 Neuromuscular dysfunction of bladder, not elsewhere classified","Males and Females","1755","41202, 41204"
"clinical_c_N32","N32 Other disorders of bladder","Males and Females","9552","41202, 41204"
"clinical_c_Block_O80-O84","O80-O84 Delivery","Females","2961","41202, 41204"
"clinical_c_N36","N36 Other disorders of urethra","Males and Females","836","41202, 41204"
"cancer_c_C56","C56 Malignant neoplasm of ovary","Females","845","40006"
"cancer_c_C54","C54 Malignant neoplasm of corpus uteri","Females","1294","40006"
"selfReported_n_1130","asthma","Males and Females","52269","20002"
"clinical_c_Block_N20-N23","N20-N23 Urolithiasis","Males and Females","7053","41202, 41204"
"cancer_c_C50","C50 Malignant neoplasm of breast","Females","10478","40006"
"clinical_c_H02","H02 Other disorders of eyelid","Males and Females","6263","41202, 41204"
"clinical_c_H01","H01 Other inflammation of eyelid","Males and Females","642","41202, 41204"
"clinical_c_H00","H00 Hordeolum and chalazion","Males and Females","2024","41202, 41204"
"clinical_c_M31","M31 Other necrotising vasculopathies","Males and Females","633","41202, 41204"
"clinical_c_H04","H04 Disorders of lachrymal system","Males and Females","2411","41202, 41204"
"selfReported_n_1304","cataract","Males and Females","6201","20002"
"clinical_c_Block_M00-M03","M00-M03 Infectious arthropathies","Males and Females","524","41202, 41204"
"clinical_c_Block_O30-O48","O30-O48 Maternal care related to the fetus and amniotic cavity and possible delivery problems","Females","7212","41202, 41204"
"clinical_c_Block_N80-N98","N80-N98 Noninflammatory disorders of female genital tract","Females","52974","41202, 41204"
"selfReported_n_1410","breast cysts","Females","1738","20002"
"clinical_c_I65","I65 Occlusion and stenosis of precerebral arteries, not resulting in cerebral infarction","Males and Females","1107","41202, 41204"
"clinical_c_L40","L40 Psoriasis","Males and Females","2437","41202, 41204"
"selfReported_n_1323","muscle/soft tissue problem","Males and Females","9349","20002"
"selfReported_n_1615","uterine problem","Females","13876","20002"
"selfReported_n_1524","rheumatoid arthritis","Males and Females","5082","20002"
"clinical_c_I60","I60 Subarachnoid haemorrhage","Males and Females","887","41202, 41204"
"clinical_c_H72","H72 Perforation of tympanic membrane","Males and Females","1072","41202, 41204"
"clinical_c_Block_M45-M49","M45-M49 Spondylopathies","Males and Females","12831","41202, 41204"
"cancer_c_Block_C00-C14","C00-C14 Malignant neoplasms of lip, oral cavity and pharynx","Males and Females","794","40006"
"cancer_c_Block_C51-C58","C51-C58 Malignant neoplasms of female genital organs","Females","2616","40006"
"clinical_c_K21","K21 Gastro-oesophageal reflux disease","Males and Females","25288","41202, 41204"
"selfReported_n_1293","spinal injury","Males and Females","693","20002"
"selfReported_n_1468","throat or larynx disorder","Males and Females","3746","20002"
"selfReported_n_1211","peritonitis","Males and Females","1525","20002"
"clinical_c_H90","H90 Conductive and sensorineural hearing loss","Males and Females","1045","41202, 41204"
"clinical_c_H91","H91 Other hearing loss","Males and Females","3086","41202, 41204"
"clinical_c_H92","H92 Otalgia and effusion of ear","Males and Females","576","41202, 41204"
"clinical_c_H93","H93 Other disorders of ear, not elsewhere classified","Males and Females","687","41202, 41204"
"clinical_c_Block_J80-J84","J80-J84 Other respiratory diseases principally affecting the interstitium","Males and Females","1808","41202, 41204"
"selfReported_n_1685","osteopenia","Males and Females","1115","20002"
"clinical_c_Block_I95-I99","I95-I99 Other and unspecified disorders of the circulatory system","Males and Females","5979","41202, 41204"
"selfReported_n_1467","nasal/sinus disorder","Males and Females","6396","20002"
"clinical_c_L97","L97 Ulcer of lower limb, not elsewhere classified","Males and Females","1146","41202, 41204"
"clinical_c_L90","L90 Atrophic disorders of skin","Males and Females","3066","41202, 41204"
"clinical_c_L91","L91 Hypertrophic disorders of skin","Males and Females","1198","41202, 41204"
"clinical_c_L92","L92 Granulomatous disorders of skin and subcutaneous tissue","Males and Females","633","41202, 41204"
"clinical_c_L98","L98 Other disorders of skin and subcutaneous tissue, not elsewhere classified","Males and Females","6015","41202, 41204"
"clinical_c_Block_N17-N19","N17-N19 Renal failure","Males and Females","9302","41202, 41204"
"selfReported_n_1521","inflammatory bowel disease","Males and Females","3878","20002"
"clinical_c_Block_M20-M25","M20-M25 Other joint disorders","Males and Females","42637","41202, 41204"
"clinical_c_Block_E70-E90","E70-E90 Metabolic disorders","Males and Females","47969","41202, 41204"
"clinical_c_J69","J69 Pneumonitis due to solids and liquids","Males and Females","650","41202, 41204"
"clinical_c_O99","O99 Other maternal diseases classifiable elsewhere but complicating pregnancy, childbirth and the puerperium","Females","1884","41202, 41204"
"selfReported_n_1262","disorder or pituitary gland","Males and Females","628","20002"
"clinical_c_G62","G62 Other polyneuropathies","Males and Females","1268","41202, 41204"
"selfReported_n_1592","dry eyes","Males and Females","650","20002"
"clinical_c_O63","O63 Long labour","Females","2139","41202, 41204"
"selfReported_n_1556","other venous/lymphatic disease","Males and Females","1875","20002"
"clinical_c_O68","O68 Labour and delivery complicated by foetal stress [distress]","Females","3656","41202, 41204"
"clinical_c_O69","O69 Labour and delivery complicated by umbilical cord complications","Females","683","41202, 41204"
"clinical_c_K65","K65 Peritonitis","Males and Females","882","41202, 41204"
"clinical_c_J18","J18 Pneumonia, organism unspecified","Males and Females","9774","41202, 41204"
"clinical_c_L29","L29 Pruritus","Males and Females","824","41202, 41204"
"clinical_c_M35","M35 Other systemic involvement of connective tissue","Males and Females","2072","41202, 41204"
"clinical_c_Block_F10-F19","F10-F19 Mental and behavioural disorders due to psychoactive substance use","Males and Females","16912","41202, 41204"
"clinical_c_K01","K01 Embedded and impacted teeth","Males and Females","2055","41202, 41204"
"clinical_c_K02","K02 Dental caries","Males and Females","3378","41202, 41204"
"clinical_c_K04","K04 Diseases of pulp and periapical tissues","Males and Females","2527","41202, 41204"
"clinical_c_K05","K05 Gingivitis and periodontal diseases","Males and Females","898","41202, 41204"
"clinical_c_K07","K07 Dentofacial anomalies [including malocclusion]","Males and Females","651","41202, 41204"
"clinical_c_K08","K08 Other disorders of teeth and supporting structures","Males and Females","2875","41202, 41204"
"clinical_c_K61","K61 Abscess of anal and rectal regions","Males and Females","1477","41202, 41204"
"clinical_c_I10","I10 Essential (primary) hypertension","Males and Females","84640","41202, 41204"
"clinical_c_I12","I12 Hypertensive renal disease","Males and Females","1663","41202, 41204"
"clinical_c_Block_G60-G64","G60-G64 Polyneuropathies and other disorders of the peripheral nervous system","Males and Females","1935","41202, 41204"
"clinical_c_N75","N75 Diseases of Bartholin's gland","Females","789","41202, 41204"
"clinical_c_N76","N76 Other inflammation of vagina and vulva","Females","844","41202, 41204"
"clinical_c_N70","N70 Salpingitis and oophoritis","Females","574","41202, 41204"
"clinical_c_N72","N72 Inflammatory disease of cervix uteri","Females","1266","41202, 41204"
"clinical_c_N73","N73 Other female pelvic inflammatory diseases","Females","3025","41202, 41204"
"clinical_c_Block_I70-I79","I70-I79 Diseases of arteries, arterioles and capillaries","Males and Females","8208","41202, 41204"
"selfReported_n_1270","infection of nervous system","Males and Females","2272","20002"
"selfReported_n_1275","cranial nerve problem/palsy","Males and Females","884","20002"
"clinical_c_K92","K92 Other diseases of digestive system","Males and Females","10133","41202, 41204"
"clinical_c_K91","K91 Postprocedural disorders of digestive system, not elsewhere classified","Males and Females","1713","41202, 41204"
"clinical_c_K90","K90 Intestinal malabsorption","Males and Females","2293","41202, 41204"
"clinical_c_Block_L55-L59","L55-L59 Radiation-related disorders of the skin and subcutaneous tissue","Males and Females","2726","41202, 41204"
"selfReported_n_1601","arthritis (nos)","Males and Females","3464","20002"
"selfReported_n_1545","chronic fatigue syndrome","Males and Females","2017","20002"
"clinical_c_Block_H60-H62","H60-H62 Diseases of external ear","Males and Females","1579","41202, 41204"
"clinical_c_Block_H30-H36","H30-H36 Disorders of choroid and retina","Males and Females","8074","41202, 41204"
"clinical_c_I89","I89 Other non-infective disorders of lymphatic vessels and lymph nodes","Males and Females","714","41202, 41204"
"clinical_c_Block_K35-K38","K35-K38 Diseases of appendix","Males and Females","3906","41202, 41204"
"clinical_c_I83","I83 Varicose veins of lower extremities","Males and Females","12021","41202, 41204"
"clinical_c_I80","I80 Phlebitis and thrombophlebitis","Males and Females","4178","41202, 41204"
"selfReported_n_1443","pneumonia","Males and Females","6424","20002"
"clinical_c_Block_I20-I25","I20-I25 Ischaemic heart diseases","Males and Females","33387","41202, 41204"
"clinical_c_I84","I84 Haemorrhoids","Males and Females","25940","41202, 41204"
"clinical_c_I85","I85 Oesophageal varices","Males and Females","565","41202, 41204"
"selfReported_n_1540","psoriatic arthropathy","Males and Females","882","20002"
"clinical_c_M89","M89 Other disorders of bone","Males and Females","1664","41202, 41204"
"clinical_c_M86","M86 Osteomyelitis","Males and Females","570","41202, 41204"
"clinical_c_M87","M87 Osteonecrosis","Males and Females","603","41202, 41204"
"clinical_c_M84","M84 Disorders of continuity of bone","Males and Females","1632","41202, 41204"
"clinical_c_M85","M85 Other disorders of bone density and structure","Males and Females","1181","41202, 41204"
"clinical_c_M80","M80 Osteoporosis with pathological fracture","Males and Females","977","41202, 41204"
"clinical_c_M81","M81 Osteoporosis without pathological fracture","Males and Females","6601","41202, 41204"
"selfReported_n_1313","anxiety/panic attacks","Males and Females","6262","20002"
"clinical_c_Block_B15-B19","B15-B19 Viral hepatitis","Males and Females","625","41202, 41204"
"selfReported_n_1284","chronic/degenerative neurological problem","Males and Females","2766","20002"
"selfReported_n_1248","type 2 diabetes","Males and Females","2889","20002"
"selfReported_n_1159","gastro-oesophageal reflux (gord) / gastric reflux","Males and Females","19242","20002"
"clinical_c_M62","M62 Other disorders of muscle","Males and Females","973","41202, 41204"
"clinical_c_M65","M65 Synovitis and tenosynovitis","Males and Females","5695","41202, 41204"
"clinical_c_M66","M66 Spontaneous rupture of synovium and tendon","Males and Females","573","41202, 41204"
"clinical_c_M67","M67 Other disorders of synovium and tendon","Males and Females","4141","41202, 41204"
"clinical_c_Block_H80-H83","H80-H83 Diseases of inner ear","Males and Females","2252","41202, 41204"
"clinical_c_Block_M50-M54","M50-M54 Other dorsopathies","Males and Females","21803","41202, 41204"
"selfReported_n_1560","pneumothorax","Males and Females","1258","20002"
"selfReported_n_1266","neurological injury/trauma","Males and Females","2492","20002"
"cancer_c_Block_C60-C63","C60-C63 Malignant neoplasms of male genital organs","Males","7295","40006"
"selfReported_n_1526","gout","Males and Females","6389","20002"
"clinical_c_Block_N70-N77","N70-N77 Inflammatory diseases of female pelvic organs","Females","6547","41202, 41204"
"cancer_c_Block_D10-D36","D10-D36 Benign neoplasms","Males and Females","746","40006"
"selfReported_n_1239","testicular problems (not cancer)","Males","620","20002"
"selfReported_n_1314","nervous breakdown","Males and Females","665","20002"
"clinical_c_H43","H43 Disorders of vitreous body","Males and Females","1477","41202, 41204"
"clinical_c_H40","H40 Glaucoma","Males and Females","4836","41202, 41204"
"selfReported_n_1619","menorrhagia (unknown cause)","Females","1226","20002"
"clinical_c_Block_H00-H06","H00-H06 Disorders of eyelid, lacrimal system and orbit","Males and Females","10640","41202, 41204"
"1408-0.0","Cheese intake","Males and Females","-","1408-0.0"
"1777-0.0","Part of a multiple birth","Males and Females","10252","1777-0.0"
"1727-0.0","Ease of skin tanning","Males and Females","-","1727-0.0"
"1548-0.0","Variation in diet","Males and Females","-","1548-0.0"
"924-0.0","Usual walking pace","Males and Females","-","924-0.0"
"728-0.0","Number of vehicles in household","Males and Females","-","728-0.0"
"1717-0.0","Skin colour","Males and Females","-","1717-0.0"
"1389-0.0","Pork intake","Males and Females","-","1389-0.0"
"1478-0.0","Salt added to food","Males and Females","-","1478-0.0"
"1518-0.0","Hot drink temperature","Males and Females","-","1518-0.0"
"1558-0.0","Alcohol intake frequency.","Males and Females","-","1558-0.0"
"20117-0.0","Alcohol drinker status","Males and Females","-","20117-0.0"
"1349-0.0","Processed meat intake","Males and Females","-","1349-0.0"
"1359-0.0","Poultry intake","Males and Females","-","1359-0.0"
"1369-0.0","Beef intake","Males and Females","-","1369-0.0"
"1379-0.0","Lamb/mutton intake","Males and Females","-","1379-0.0"
"1329-0.0","Oily fish intake","Males and Females","-","1329-0.0"
"1339-0.0","Non-oily fish intake","Males and Females","-","1339-0.0"
"20116-0.0","Smoking status","Males and Females","-","20116-0.0"
"1239-0.0","Current tobacco smoking","Males and Females","-","1239-0.0"
"1687-0.0","Comparative body size at age 10","Males and Females","-","1687-0.0"
"1697-0.0","Comparative height size at age 10","Males and Females","-","1697-0.0"
"1707-0.0","Handedness (chirality/laterality)","Males and Females","42940","1707-0.0"
"30260-0.0","Mean reticulocyte volume","Males and Females","-","30260-0.0"
"30280-0.0","Immature reticulocyte fraction","Males and Females","-","30280-0.0"
"30240-0.0","Reticulocyte percentage","Males and Females","-","30240-0.0"
"30250-0.0","Reticulocyte count","Males and Females","-","30250-0.0"
"30300-0.0","High light scatter reticulocyte count","Males and Females","-","30300-0.0"
"30270-0.0","Mean sphered cell volume","Males and Females","-","30270-0.0"
"30290-0.0","High light scatter reticulocyte percentage","Males and Females","-","30290-0.0"
"30230-0.0","Nucleated red blood cell percentage","Males and Females","-","30230-0.0"
"30170-0.0","Nucleated red blood cell count","Males and Females","-","30170-0.0"
"30120-0.0","Lymphocyte count","Males and Females","-","30120-0.0"
"30130-0.0","Monocyte count","Males and Females","-","30130-0.0"
"30140-0.0","Neutrophill count","Males and Females","-","30140-0.0"
"30150-0.0","Eosinophill count","Males and Females","-","30150-0.0"
"30160-0.0","Basophill count","Males and Females","-","30160-0.0"
"30180-0.0","Lymphocyte percentage","Males and Females","-","30180-0.0"
"30190-0.0","Monocyte percentage","Males and Females","-","30190-0.0"
"30200-0.0","Neutrophill percentage","Males and Females","-","30200-0.0"
"30210-0.0","Eosinophill percentage","Males and Females","-","30210-0.0"
"30220-0.0","Basophill percentage","Males and Females","-","30220-0.0"
"30100-0.0","Mean platelet (thrombocyte) volume","Males and Females","-","30100-0.0"
"30110-0.0","Platelet distribution width","Males and Females","-","30110-0.0"
"30060-0.0","Mean corpuscular haemoglobin concentration","Males and Females","-","30060-0.0"
"30090-0.0","Platelet crit","Males and Females","-","30090-0.0"
"30000-0.0","White blood cell (leukocyte) count","Males and Females","-","30000-0.0"
"30050-0.0","Mean corpuscular haemoglobin","Males and Females","-","30050-0.0"
"30080-0.0","Platelet count","Males and Females","-","30080-0.0"
"30040-0.0","Mean corpuscular volume","Males and Females","-","30040-0.0"
"30070-0.0","Red blood cell (erythrocyte) distribution width","Males and Females","-","30070-0.0"
"30010-0.0","Red blood cell (erythrocyte) count","Males and Females","-","30010-0.0"
"30020-0.0","Haemoglobin concentration","Males and Females","-","30020-0.0"
"30030-0.0","Haematocrit percentage","Males and Females","-","30030-0.0"
"23100-0.0","Whole body fat mass","Males and Females","-","23100-0.0"
"23130-0.0","Trunk predicted mass","Males and Females","-","23130-0.0"
"23129-0.0","Trunk fat-free mass","Males and Females","-","23129-0.0"
"23128-0.0","Trunk fat mass","Males and Females","-","23128-0.0"
"23127-0.0","Trunk fat percentage","Males and Females","-","23127-0.0"
"23099-0.0","Body fat percentage","Males and Females","-","23099-0.0"
"23126-0.0","Arm predicted mass (left)","Males and Females","-","23126-0.0"
"23125-0.0","Arm fat-free mass (left)","Males and Females","-","23125-0.0"
"23124-0.0","Arm fat mass (left)","Males and Females","-","23124-0.0"
"23123-0.0","Arm fat percentage (left)","Males and Females","-","23123-0.0"
"23122-0.0","Arm predicted mass (right)","Males and Females","-","23122-0.0"
"23121-0.0","Arm fat-free mass (right)","Males and Females","-","23121-0.0"
"23120-0.0","Arm fat mass (right)","Males and Females","-","23120-0.0"
"23119-0.0","Arm fat percentage (right)","Males and Females","-","23119-0.0"
"23118-0.0","Leg predicted mass (left)","Males and Females","-","23118-0.0"
"23117-0.0","Leg fat-free mass (left)","Males and Females","-","23117-0.0"
"23116-0.0","Leg fat mass (left)","Males and Females","-","23116-0.0"
"23115-0.0","Leg fat percentage (left)","Males and Females","-","23115-0.0"
"23109-0.0","Impedance of arm (right)","Males and Females","-","23109-0.0"
"23114-0.0","Leg predicted mass (right)","Males and Females","-","23114-0.0"
"23113-0.0","Leg fat-free mass (right)","Males and Females","-","23113-0.0"
"23106-0.0","Impedance of whole body","Males and Females","-","23106-0.0"
"23101-0.0","Whole body fat-free mass","Males and Females","-","23101-0.0"
"23112-0.0","Leg fat mass (right)","Males and Females","-","23112-0.0"
"23110-0.0","Impedance of arm (left)","Males and Females","-","23110-0.0"
"23111-0.0","Leg fat percentage (right)","Males and Females","-","23111-0.0"
"23108-0.0","Impedance of leg (left)","Males and Females","-","23108-0.0"
"23107-0.0","Impedance of leg (right)","Males and Females","-","23107-0.0"
"23105-0.0","Basal metabolic rate","Males and Females","-","23105-0.0"
"23104-0.0","Body mass index (BMI)","Males and Females","-","23104-0.0"
"23102-0.0","Whole body water mass","Males and Females","-","23102-0.0"
"23098-0.0","Weight","Males and Females","-","23098-0.0"
"20015-0.0","Sitting height","Males and Females","-","20015-0.0"
"(46/47)-0.0","Hand grip strength (left) / Hand grip strength (right)","Males and Females","-","(46/47)-0.0"
"21001-0.0","Body mass index (BMI)","Males and Females","-","21001-0.0"
"21002-0.0","Weight","Males and Females","-","21002-0.0"
"50-0.0","Standing height","Males and Females","-","50-0.0"
"(48/49)-0.0","Waist circumference / Hip circumference","Males and Females","-","(48/49)-0.0"
"49-0.0","Hip circumference","Males and Females","-","49-0.0"
"48-0.0","Waist circumference","Males and Females","-","48-0.0"
"189-0.0","Townsend deprivation index at recruitment","Males and Females","-","189-0.0"
"1319-0.0","Dried fruit intake","Males and Females","-","1319-0.0"
"1498-0.0","Coffee intake","Males and Females","-","1498-0.0"
"1528-0.0","Water intake","Males and Females","-","1528-0.0"
"2277-0.0","Frequency of solarium/sunlamp use","Males and Females","-","2277-0.0"
"1299-0.0","Salad / raw vegetable intake","Males and Females","-","1299-0.0"
"1070-0.0","Time spent watching television (TV)","Males and Females","-","1070-0.0"
"904-0.0","Number of days/week of vigorous physical activity 10+ minutes","Males and Females","-","904-0.0"
"884-0.0","Number of days/week of moderate physical activity 10+ minutes","Males and Females","-","884-0.0"
"1458-0.0","Cereal intake","Males and Females","-","1458-0.0"
"1309-0.0","Fresh fruit intake","Males and Females","-","1309-0.0"
"1488-0.0","Tea intake","Males and Females","-","1488-0.0"
"1289-0.0","Cooked vegetable intake","Males and Females","-","1289-0.0"
"1438-0.0","Bread intake","Males and Females","-","1438-0.0"
"864-0.0","Number of days/week walked 10+ minutes","Males and Females","-","864-0.0"
"1873-0.0","Number of full brothers","Males and Females","-","1873-0.0"
"1883-0.0","Number of full sisters","Males and Females","-","1883-0.0"
"709-0.0","Number in household","Males and Females","-","709-0.0"
"46-0.0","Hand grip strength (left)","Males and Females","-","46-0.0"
"47-0.0","Hand grip strength (right)","Males and Females","-","47-0.0"
"134-0.0","Number of self-reported cancers","Males and Females","-","134-0.0"
"135-0.0","Number of self-reported non-cancer illnesses","Males and Females","-","135-0.0"
"136-0.0","Number of operations, self-reported","Males and Females","-","136-0.0"
"137-0.0","Number of treatments/medications taken","Males and Females","-","137-0.0"
"1160-0.0","Sleep duration","Males and Females","-","1160-0.0"
"20023-0.0","Mean time to correctly identify matches","Males and Females","-","20023-0.0"
"3079-0.0","Pace-maker","Males and Females","1355","3079-0.0"